days, 365
H, 10000
b, 0.00015
d, 0.00005
beta, 0.1
rho, 0.1
k, 0.1
alpha, 0.1
r, 0.2
mu, 0.1
_lambda, 0.1
p, 0.1
s, 0.1
D, 10
